nprocs,threads,schedule,width,height,spp,depth,shadow_samples,frames,tile,rank,role,comp_s,comm_s,idle_s,tiles,total_s
8,1,dynamic,480,270,64,6,16,48,32,0,master,0,0.0276697,293.681,0,293.952
8,1,dynamic,480,270,64,6,16,48,32,1,worker,293.815,0.0127437,0.0263324,933,293.867
8,1,dynamic,480,270,64,6,16,48,32,2,worker,293.826,0.0134212,0.0364052,935,293.889
8,1,dynamic,480,270,64,6,16,48,32,3,worker,293.836,0.0125192,0.023828,924,293.886
8,1,dynamic,480,270,64,6,16,48,32,4,worker,293.809,0.0122618,0.0496913,915,293.885
8,1,dynamic,480,270,64,6,16,48,32,5,worker,293.84,0.0128823,0.0471938,922,293.914
8,1,dynamic,480,270,64,6,16,48,32,6,worker,293.857,0.0152079,0.0423878,951,293.928
8,1,dynamic,480,270,64,6,16,48,32,7,worker,293.894,0.0122903,0.0314872,900,293.951
